"Dep1","Dep2","Dep3","Dep4"
46148.4204545355,148871.715213099,63600.3172084924,123490.009589059
44344.0542585759,158563.951655476,62893.4940367418,129817.295081536
42351.3023389294,145858.175493753,62254.6157518962,126119.653240828
43334.7808204831,140995.933684994,61512.0562711921,119058.590113811
